<?xml version="1.0" encoding="UTF-8"?>
<!DOCTYPE suite SYSTEM "https://testng.org/testng-1.0.dtd">
<suite name="Suite">
 <listeners>
 <listener class-name="test_cases.ListnerA">
 </listener>
</listeners>
<groups>
<run>
<include name="loginTest"></include>
</run>
</groups>
<parameter name = "username" value ="sel@132" ></parameter>
  <test thread-count="5" name="Test">
    <classes>
      
      <class name="test_cases.WebsiteTest"/>
      
      <class name="test_cases.MobileTest"/>
    </classes>
  </test> <!-- Test -->
</suite> <!-- Suite -->
